Model,Accuracy,Precision,Recall,F1 Score,Training Time(hrs),Inference Time(ms/sentence),TOPSIS_Score,Rank
BERT,0.85,0.86,0.84,0.85,24,2.0,0.3938956920180145,5.0
RoBERTa,0.87,0.88,0.86,0.87,28,2.5,0.5473714258730631,4.0
XLNet,0.86,0.87,0.85,0.86,36,3.0,0.767313481373997,2.0
ALBERT,0.84,0.85,0.83,0.84,20,1.5,0.2452443153106506,6.0
DistilBERT,0.82,0.83,0.81,0.82,12,1.0,0.0,7.0
Electra,0.86,0.87,0.85,0.86,30,3.0,0.6523292486386351,3.0
T5,0.88,0.89,0.87,0.88,40,4.0,1.0,1.0
